netloc,count,percentage
www.theguardian.com,4234,29.76
www.usatoday.com,1022,7.18
www.cnn.com,341,2.4
www.bbc.com,284,2.0
www.yumpu.com,264,1.86
www.independent.co.uk,264,1.86
www.latimes.com,264,1.86
en.wikipedia.org,234,1.64
www.nbcnews.com,167,1.17
www.npr.org,111,0.78
apnews.com,94,0.66
magazine.atavist.com,90,0.63
www.nytimes.com,83,0.58
www.newyorker.com,82,0.58
www.pbs.org,81,0.57
www.aljazeera.com,77,0.54
www.denverpost.com,67,0.47
www.scmp.com,64,0.45
www.sandiegouniontribune.com,60,0.42
www.azcentral.com,56,0.39
www.texastribune.org,54,0.38
www.mirror.co.uk,52,0.37
www.hollywoodreporter.com,44,0.31
wtop.com,44,0.31
whyy.org,42,0.3
abcnews.go.com,42,0.3
www.imdb.com,41,0.29
www.tennessean.com,41,0.29
www.thetimes.com,40,0.28
www.academia.edu,39,0.27
www.nydailynews.com,38,0.27
fortune.com,38,0.27
www.abc.net.au,37,0.26
www.dailymail.co.uk,37,0.26
theintercept.com,36,0.25
edition.cnn.com,36,0.25
obamawhitehouse.archives.gov,35,0.25
www.rollingstone.com,34,0.24
www.yahoo.com,34,0.24
www.vox.com,34,0.24
www.theatlantic.com,33,0.23
www.cbsnews.com,33,0.23
www.keranews.org,32,0.22
www.bostonglobe.com,31,0.22
www.wbur.org,31,0.22
www.hrw.org,31,0.22
www.vanityfair.com,31,0.22
www.pinterest.com,30,0.21
variety.com,30,0.21
www.ocregister.com,28,0.2
sg.news.yahoo.com,28,0.2
www.reddit.com,28,0.2
www.mprnews.org,26,0.18
alumni.cornell.edu,25,0.18
www.thenation.com,25,0.18
www.dailynews.com,25,0.18
www.mdpi.com,25,0.18
www.independent.ie,25,0.18
www.globalplayer.com,24,0.17
www.billboard.com,23,0.16
www.foxnews.com,23,0.16
www.freep.com,22,0.15
www.dallasnews.com,22,0.15
www.justjared.com,22,0.15
www.mercurynews.com,21,0.15
www.desmoinesregister.com,21,0.15
www.csmonitor.com,21,0.15
www.belfasttelegraph.co.uk,21,0.15
fountain.fm,21,0.15
www.euronews.com,20,0.14
www.nbcsports.com,20,0.14
screenrant.com,20,0.14
www.japantimes.co.jp,19,0.13
www.express.co.uk,19,0.13
www.hindustantimes.com,19,0.13
www.ajc.com,19,0.13
www.cfr.org,19,0.13
www.washingtonian.com,18,0.13
www.militarytimes.com,17,0.12
laist.com,17,0.12
www.newsweek.com,17,0.12
www.businessinsider.com,17,0.12
www.ibtimes.co.uk,17,0.12
theconversation.com,16,0.11
www.wired.com,16,0.11
www.catholicnewsagency.com,16,0.11
www.dawn.com,16,0.11
www.thestar.com,15,0.11
www.bostonherald.com,15,0.11
www.msnbc.com,15,0.11
ctc.westpoint.edu,15,0.11
www.kpbs.org,15,0.11
www.ndtv.com,15,0.11
nypost.com,14,0.1
www.americanprogressaction.org,14,0.1
www.chicagotribune.com,14,0.1
www.formula1.com,14,0.1
www.timesfreepress.com,13,0.09
metro.co.uk,13,0.09
www.shutterstock.com,13,0.09
www.indystar.com,13,0.09
rollcall.com,13,0.09
www.gq.com,12,0.08
www.pressherald.com,12,0.08
globalnews.ca,12,0.08
tcf.org,12,0.08
www.coliseum-online.com,12,0.08
billmoyers.com,12,0.08
theoleballcoach.com,12,0.08
www.si.com,12,0.08
www.dailysabah.com,12,0.08
www.gutenberg.org,11,0.08
www.smh.com.au,11,0.08
www.vogue.com,11,0.08
insideclimatenews.org,11,0.08
www.livemint.com,11,0.08
www.canishoopus.com,11,0.08
www.news-journalonline.com,11,0.08
www.nature.com,11,0.08
www.twincities.com,11,0.08
www.lemonde.fr,11,0.08
www.theledger.com,10,0.07
www.usmagazine.com,10,0.07
apimagesblog.com,10,0.07
blogs.library.duke.edu,10,0.07
time.com,10,0.07
www.wunc.org,10,0.07
slate.com,10,0.07
fansided.com,10,0.07
m.imdb.com,10,0.07
www.ft.com,10,0.07
www.bbc.co.uk,10,0.07
www.floridatoday.com,9,0.06
artblart.com,9,0.06
www.eonline.com,9,0.06
www.middleeasteye.net,9,0.06
www.nwaonline.com,9,0.06
www.courier-journal.com,9,0.06
www.democratandchronicle.com,9,0.06
www.amazon.com,9,0.06
www.today.com,9,0.06
www.economist.com,9,0.06
africageographic.com,9,0.06
www.detroitnews.com,9,0.06
www.inkl.com,9,0.06
www.ksl.com,9,0.06
www.paloaltoonline.com,9,0.06
www.irishmirror.ie,9,0.06
www.racefans.net,9,0.06
world.time.com,9,0.06
www.trentonian.com,8,0.06
www.cleveland.com,8,0.06
warfarehistorynetwork.com,8,0.06
ssjc.uk,8,0.06
www.providencejournal.com,8,0.06
www.indiewire.com,8,0.06
www.pgatour.com,8,0.06
nationalzoo.si.edu,8,0.06
treasurytoday.com,8,0.06
www.walesonline.co.uk,8,0.06
www.lubbockonline.com,8,0.06
www.sbs.com.au,8,0.06
www.capecodtimes.com,8,0.06
www.independentmail.com,8,0.06
www.football.london,8,0.06
www.greenvilleonline.com,8,0.06
sports.ndtv.com,8,0.06
www.onmanorama.com,8,0.06
welections.wordpress.com,7,0.05
www.ncregister.com,7,0.05
shopping.mattel.com,7,0.05
startkiwi.com,7,0.05
www.masslive.com,7,0.05
unicefethiopia.wordpress.com,7,0.05
www.dailylocal.com,7,0.05
www.nps.gov,7,0.05
tribune.com.pk,7,0.05
www.pressconnects.com,7,0.05
www.newstatesman.com,7,0.05
www.ncronline.org,7,0.05
www.al-monitor.com,7,0.05
www.tpr.org,7,0.05
dianerehm.org,7,0.05
www.yorkdispatch.com,7,0.05
www.upi.com,7,0.05
www.inquirer.com,7,0.05
www.app.com,7,0.05
www.pottsmerc.com,7,0.05
www.green-wood.com,7,0.05
www.pewresearch.org,7,0.05
theunn.com,7,0.05
aadl.org,7,0.05
arxiv.org,7,0.05
www.peekyou.com,7,0.05
www.arkansasonline.com,7,0.05
theweek.com,7,0.05
www.latintimes.com,7,0.05
www.politifact.com,7,0.05
www.jacksonville.com,7,0.05
www.heraldtribune.com,6,0.04
uk.news.yahoo.com,6,0.04
www.heraldsun.com.au,6,0.04
www.telegram.com,6,0.04
www.airlinereporter.com,6,0.04
www.sj-r.com,6,0.04
www.thedailyjournal.com,6,0.04
www.cacci.biz,6,0.04
www.malaymail.com,6,0.04
www.history.com,6,0.04
www.nasa.gov,6,0.04
oll.libertyfund.org,6,0.04
www.foxsports.com,6,0.04
ny1.com,6,0.04
ecfr.eu,6,0.04
www.nj.com,6,0.04
tricitiessports.com,6,0.04
wwd.com,6,0.04
www.dailyrecord.co.uk,6,0.04
www.gulf-times.com,6,0.04
www.theadvocate.com,6,0.04
www.huffpost.com,6,0.04
www.reservedmagazine.com,6,0.04
www.nyc.gov,6,0.04
www.opb.org,6,0.04
aisleseatreview.com,6,0.04
freedomhouse.org,6,0.04
sports.yahoo.com,6,0.04
www.artpal.com,6,0.04
www.house.gov,6,0.04
www.cntraveler.com,6,0.04
www.nicholsschool.org,6,0.04
www.onlineathens.com,6,0.04
www.ibtimes.com,6,0.04
www.doctorswithoutborders.org,6,0.04
calltothepen.com,6,0.04
www.gainesville.com,6,0.04
health.wusf.usf.edu,6,0.04
www.politico.eu,6,0.04
urbanland.uli.org,6,0.04
www.wesa.fm,6,0.04
www.chinadaily.com.cn,6,0.04
www.linkedin.com,6,0.04
www.ang.af.mil,6,0.04
www.hoover.org,6,0.04
artuk.org,6,0.04
www.fosters.com,6,0.04
www.irishtimes.com,6,0.04
www.naplesnews.com,6,0.04
www.thejewelleryeditor.com,6,0.04
news.va.gov,5,0.04
www.atlanticcouncil.org,5,0.04
www.edweek.org,5,0.04
timesofindia.indiatimes.com,5,0.04
www.irishexaminer.com,5,0.04
www.cincinnati.com,5,0.04
acleddata.com,5,0.04
www.aei.org,5,0.04
www.jpost.com,5,0.04
m.rediff.com,5,0.04
gazette.com,5,0.04
www.tallahassee.com,5,0.04
www.defenseone.com,5,0.04
www.frontiersin.org,5,0.04
www.oklahoman.com,5,0.04
www.anderson.ucla.edu,5,0.04
www.springfieldnewssun.com,5,0.04
ellamckendrick.com,5,0.04
www.brookings.edu,5,0.04
thepeninsulaqatar.com,5,0.04
www.thephinsider.com,5,0.04
www.artnews.com,5,0.04
exploring-london.com,5,0.04
www.cnhinews.com,5,0.04
6abc.com,5,0.04
ravenswire.usatoday.com,5,0.04
www.gpb.org,5,0.04
observer.com,5,0.04
www.packersnews.com,5,0.04
www.dailynewsegypt.com,5,0.04
www.dailyfreeman.com,5,0.04
www.news-herald.com,5,0.04
www.seaforces.org,5,0.04
www.artdependence.com,5,0.04
chopchat.com,5,0.04
www.sheboyganpress.com,5,0.04
auction.swau.com,5,0.04
www.nationalgeographic.com,5,0.04
asia.nikkei.com,5,0.04
929thebull.com,5,0.04
www.justjaredjr.com,5,0.04
www.giants.com,5,0.04
www.pilotonline.com,5,0.04
www.bayes.city.ac.uk,5,0.04
obamalibrary.archives.gov,5,0.04
socialsciences.ucsd.edu,5,0.04
www.greencarreports.com,5,0.04
www.lrb.co.uk,5,0.04
www.brownalumnimagazine.com,5,0.04
www.miandn.com,5,0.04
www.syracuse.com,5,0.04
www.lohud.com,5,0.04
avafestival.com,5,0.04
saturdayblitz.com,5,0.04
www.jsg.utexas.edu,5,0.04
www.yellowtrace.com.au,5,0.04
www.gorealtravel.com,5,0.04
www.football365.com,5,0.04
www.jpl.nasa.gov,4,0.03
www.espncricinfo.com,4,0.03
www.goal.com,4,0.03
iconicpix.photoshelter.com,4,0.03
www.goerie.com,4,0.03
www.eastbaytimes.com,4,0.03
www.mvtimes.com,4,0.03
aircommando.org,4,0.03
www.newmyroyals.com,4,0.03
www.pewtrusts.org,4,0.03
www.artsy.net,4,0.03
disneyfanon.fandom.com,4,0.03
angelusnews.com,4,0.03
www.topgear.com,4,0.03
torontosun.com,4,0.03
www.screendaily.com,4,0.03
tanks-encyclopedia.com,4,0.03
birdsoftheworld.org,4,0.03
www.ibtimes.com.au,4,0.03
www.tuscaloosanews.com,4,0.03
www.thesportsexaminer.com,4,0.03
www.compositesworld.com,4,0.03
nationalpost.com,4,0.03
mtstandard.com,4,0.03
www.panthers.com,4,0.03
english.elpais.com,4,0.03
www.northcountrypublicradio.org,4,0.03
www.winnipegfreepress.com,4,0.03
www.marinecorpstimes.com,4,0.03
travel-dealz.com,4,0.03
www.columbiamissourian.com,4,0.03
www.spokesman.com,4,0.03
www.the33rdteam.com,4,0.03
www.espn.com,4,0.03
tucson.com,4,0.03
samblog.seattleartmuseum.org,4,0.03
dc.eater.com,4,0.03
architectureau.com,4,0.03
www.thecastlesofscotland.co.uk,4,0.03
www.charlottemotorspeedway.com,4,0.03
patch.com,4,0.03
www.f1oversteer.com,4,0.03
www.eurosport.com,4,0.03
deadline.com,4,0.03
outsidethebeltway.com,4,0.03
www.acc.af.mil,4,0.03
madison.illinoisgenweb.org,4,0.03
southafrica-info.com,4,0.03
www.arlnow.com,4,0.03
www.defensenews.com,4,0.03
link.springer.com,4,0.03
www.desertsun.com,4,0.03
www.patriotledger.com,4,0.03
www.armscontrol.org,4,0.03
sunhakpeaceprize.org,4,0.03
www.mhwmagazine.co.uk,4,0.03
www.berkeleyrep.org,4,0.03
www.goodwood.com,4,0.03
www.bwslaw.com,4,0.03
www.archdaily.com,4,0.03
theusaboxingnews.com,4,0.03
rafaelnadalfans.com,4,0.03
www.nfl.com,4,0.03
tomahawktake.com,4,0.03
www.biofuelwatch.org.uk,4,0.03
www.saratogian.com,4,0.03
environmentaleducationuk.wordpress.com,4,0.03
www.beaconjournal.com,4,0.03
www.morningjournal.com,4,0.03
www.savannahnow.com,4,0.03
3diorama.com,4,0.03
www.csis.org,4,0.03
www.glamour.com,4,0.03
newlinesmag.com,4,0.03
www.elle.com,4,0.03
exploringupstate.com,4,0.03
bakersfieldnow.com,4,0.03
www.apple.com,4,0.03
newatlas.com,4,0.03
www.americamagazine.org,4,0.03
www.stabroeknews.com,4,0.03
www.jcs.mil,4,0.03
www.news.com.au,4,0.03
www.israeltoday.co.il,4,0.03
georgianera.wordpress.com,4,0.03
www.thisisanfield.com,4,0.03
ottawacitizen.com,4,0.03
thebulletin.org,4,0.03
www.tribuneindia.com,4,0.03
fivethirtyeight.com,4,0.03
www.vuhoops.com,4,0.03
www.hudson.org,4,0.03
turksandcaicostourism.com,4,0.03
www.daytondailynews.com,4,0.03
www.dw.com,4,0.03
www.statesman.com,4,0.03
www.nationalguard.mil,4,0.03
www.theverge.com,4,0.03
www.planethugill.com,3,0.02
www.delcotimes.com,3,0.02
www.wireimage.com,3,0.02
www.theyshootpictures.com,3,0.02
www.stlpr.org,3,0.02
widerimage.reuters.com,3,0.02
www.civilbeat.org,3,0.02
www.macombdaily.com,3,0.02
sasscer.wordpress.com,3,0.02
www.military.com,3,0.02
downbeat.com,3,0.02
ihouse.berkeley.edu,3,0.02
today.umd.edu,3,0.02
www.reviewjournal.com,3,0.02
www.houstonpublicmedia.org,3,0.02
www.amnesty.org.uk,3,0.02
wobm.com,3,0.02
jannaludlow.co.uk,3,0.02
windsorstar.com,3,0.02
road.cc,3,0.02
www.icij.org,3,0.02
www.mycg.uscg.mil,3,0.02
www.siliconvalley.com,3,0.02
www.gadsdentimes.com,3,0.02
missoulian.com,3,0.02
www.ktoo.org,3,0.02
climaxplay.net,3,0.02
murciatoday.com,3,0.02
propertylistings.ft.com,3,0.02
www.seti.org,3,0.02
gist.github.com,3,0.02
cpj.org,3,0.02
spacecityscoop.com,3,0.02
www.santafenewmexican.com,3,0.02
livesofthefirstworldwar.iwm.org.uk,3,0.02
www.cnet.com,3,0.02
www.al.com,3,0.02
www.martenscentre.eu,3,0.02
www.gastongazette.com,3,0.02
www.digitalspy.com,3,0.02
www.cafeducycliste.com,3,0.02
www.timesherald.com,3,0.02
www.ips-journal.eu,3,0.02
www.ap.org,3,0.02
www.recordonline.com,3,0.02
www.rolandgarros.com,3,0.02
science.nasa.gov,3,0.02
theanalyst.com,3,0.02
www.irishnews.com,3,0.02
www.augustachronicle.com,3,0.02
rosecollection.brandeis.edu,3,0.02
ivf-surrogate.com,3,0.02
www.courant.com,3,0.02
case.edu,3,0.02
www.cyclingnews.com,3,0.02
www.enidnews.com,3,0.02
www.countryliving.com,3,0.02
dancetabs.com,3,0.02
www.popsugar.co.uk,3,0.02
usa.chinadaily.com.cn,3,0.02
www.greatfallstribune.com,3,0.02
www.deedsmag.com,3,0.02
macaudailytimes.com.mo,3,0.02
www.officialcharts.com,3,0.02
dealbook.nytimes.com,3,0.02
www.manchestereveningnews.co.uk,3,0.02
www.danielpomfret.co.uk,3,0.02
thecitylane.com,3,0.02
thelab.bleacherreport.com,3,0.02
www.meer.com,3,0.02
georginacoburnarts.co.uk,3,0.02
ca.news.yahoo.com,3,0.02
m.economictimes.com,3,0.02
ecochile.travel,3,0.02
www.vvdailypress.com,3,0.02
trektravel.com,3,0.02
voodemar.com,3,0.02
www.mediastorehouse.com,3,0.02
pagesix.com,3,0.02
www.wusf.org,3,0.02
abc7news.com,3,0.02
calmatters.org,3,0.02
www.bridgemanimages.com,3,0.02
www.gosanangelo.com,3,0.02
www.thedailybeast.com,3,0.02
www.architecturaldigest.com,3,0.02
smmirror.com,3,0.02
www.hunton.com,3,0.02
www.biography.com,3,0.02
steveblank.com,3,0.02
www.straitstimes.com,3,0.02
www.boredpanda.com,3,0.02
afro.com,3,0.02
www.coloradoan.com,3,0.02
www.couriermail.com.au,3,0.02
www.columbiadailyherald.com,3,0.02
whc.unesco.org,3,0.02
clements.umich.edu,3,0.02
collider.com,3,0.02
www.passagerbooks.com,3,0.02
www.scidev.net,3,0.02
beetlesinthebush.com,3,0.02
www.theadvertiser.com,3,0.02
www.wktvjournal.org,3,0.02
simpleflying.com,3,0.02
www.pasadenastarnews.com,3,0.02
houseofargyll.com,3,0.02
heritagecalling.com,3,0.02
www.campaignlive.com,3,0.02
www.goodhousekeeping.com,3,0.02
www.knoxnews.com,3,0.02
chicago.suntimes.com,3,0.02
www.dailytelegraph.com.au,3,0.02
carnegieendowment.org,3,0.02
news.bbc.co.uk,3,0.02
www.tonyawards.com,3,0.02
www.norwichbulletin.com,3,0.02
www.bavarianfootballworks.com,3,0.02
twinstrivia.com,3,0.02
www.colombotelegraph.com,3,0.02
www.amarillo.com,3,0.02
greatpyratlanta.com,3,0.02
www.brookline.k12.ma.us,3,0.02
clubquartershotels.com,3,0.02
rarehistoricalphotos.com,3,0.02
newmatilda.com,3,0.02
kuwaittimes.com,3,0.02
swampland.time.com,3,0.02
themontrealeronline.com,3,0.02
wreninkpaper.com,3,0.02
www.eqfl.org,3,0.02
www.oregonlive.com,3,0.02
www.armytimes.com,3,0.02
www.orlandosentinel.com,3,0.02
www.filmandpicture.com,3,0.02
thebusbybabe.sbnation.com,3,0.02
www.wfyi.org,3,0.02
spectrumlocalnews.com,3,0.02
www.historyextra.com,3,0.02
www.swanseacity.com,3,0.02
nowfashion.com,3,0.02
joshualandis.com,3,0.02
ledburypoetry.org.uk,3,0.02
www.indiatvnews.com,3,0.02
www.hachettebookgroup.com,3,0.02
www.thehindu.com,2,0.01
www.heraldnet.com,2,0.01
www.gavi.org,2,0.01
www.floridasportsman.com,2,0.01
support.apple.com,2,0.01
builtenvironmentplus.org,2,0.01
media.jaguarlandrover.com,2,0.01
www.newindianexpress.com,2,0.01
www.aljazeera.net,2,0.01
www.spiegel.de,2,0.01
www.planetf1.com,2,0.01
www.wosu.org,2,0.01
dctheaterarts.org,2,0.01
www.bundesliga.com,2,0.01
www.qa-us.com,2,0.01
www.posterazzi.com,2,0.01
dylanscottcountry.com,2,0.01
www.airuniversity.af.edu,2,0.01
www.orartswatch.org,2,0.01
rachelsreviewstheatre.com,2,0.01
www.indiatoday.in,2,0.01
www.thenationalnews.com,2,0.01
www.profarmer.com,2,0.01
www.whatshappeninginchina.com,2,0.01
global.georgetown.edu,2,0.01
www.sdpb.org,2,0.01
www.artspace.com,2,0.01
www.sun-sentinel.com,2,0.01
www.ufc.com,2,0.01
santorinidave.com,2,0.01
www.outsideonline.com,2,0.01
theecologist.org,2,0.01
santamariatimes.com,2,0.01
www.rte.ie,2,0.01
beachbooks.blog,2,0.01
ipmnewsroom.org,2,0.01
www.foxweather.com,2,0.01
www.afar.com,2,0.01
english.kyodonews.net,2,0.01
www.garrisonkeillor.com,2,0.01
kanebridgenewsme.com,2,0.01
www.pjstar.com,2,0.01
imagecollect.com,2,0.01
theindependenttourist.net,2,0.01
corporatewatch.org,2,0.01
warontherocks.com,2,0.01
franklinonfashion.com,2,0.01
dcv-books.com,2,0.01
www.radiocarbon.com,2,0.01
www.alibaba.com,2,0.01
www.catholicyyc.ca,2,0.01
photos.com,2,0.01
www.artphotolimited.com,2,0.01
democratherald.com,2,0.01
www.kqed.org,2,0.01
www.holdenluntz.com,2,0.01
www.sierz.co.uk,2,0.01
bigweekend.store,2,0.01
komonews.com,2,0.01
obituaries.rwcpulse.com,2,0.01
exeuntmagazine.com,2,0.01
www.wilmettelibrary.info,2,0.01
www.rouleur.cc,2,0.01
www.bendbulletin.com,2,0.01
www.cdc.gov,2,0.01
www.driving.co.uk,2,0.01
www.todays-golfer.com,2,0.01
islandhistory.wordpress.com,2,0.01
www.collectorsweekly.com,2,0.01
www.brooklynmuseum.org,2,0.01
www.kunc.org,2,0.01
www.thechemicalengineer.com,2,0.01
thegroundtruthproject.org,2,0.01
www.burgessyachts.com,2,0.01
www.vice.com,2,0.01
aviationweek.com,2,0.01
www.motorsportmagazine.com,2,0.01
www.mlssoccer.com,2,0.01
www.sheknows.com,2,0.01
group.skanska.com,2,0.01
tylerpaper.com,2,0.01
www.silive.com,2,0.01
aleteia.org,2,0.01
www.iemed.org,2,0.01
www.china.org.cn,2,0.01
www.mcall.com,2,0.01
giftshop.ed.ac.uk,2,0.01
www.irishamerica.com,2,0.01
www.hotcars.com,2,0.01
bicyclingaustralia.com.au,2,0.01
www.gamesradar.com,2,0.01
gousfbulls.com,2,0.01
www.thearticle.com,2,0.01
www.123rf.com,2,0.01
shorensteincenter.org,2,0.01
www.sportingnews.com,2,0.01
www.oneyoungworld.com,2,0.01
www.luxurylandandhomes.com,2,0.01
www.theginguild.com,2,0.01
www.expedia.com,2,0.01
www.rockarchive.com,2,0.01
www.bronconationnews.com,2,0.01
www.nwt.org.uk,2,0.01
docsouth.unc.edu,2,0.01
www.jamestownsun.com,2,0.01
news.harvard.edu,2,0.01
kpcnotebook.scholastic.com,2,0.01
www.mlive.com,2,0.01
reboundcast.com,2,0.01
www.cwgc.org,2,0.01
www.leadingauthorities.com,2,0.01
whca.press,2,0.01
monthlyreview.org,2,0.01
www.federalreservehistory.org,2,0.01
www.nbc.com,2,0.01
www.lowyinstitute.org,2,0.01
robskinner.net,2,0.01
cup2013.wordpress.com,2,0.01
astronomynow.com,2,0.01
www.stltoday.com,2,0.01
www.udel.edu,2,0.01
www.fcbarcelona.com,2,0.01
www.nbcwashington.com,2,0.01
linksinc.org,2,0.01
news.drake.edu,2,0.01
www.dazeddigital.com,2,0.01
homeoutletdirect.com,2,0.01
www.werelderfgoedfotos.nl,2,0.01
unifor584retirees.ca,2,0.01
www.autoweb.com,2,0.01
cronkitenews.azpbs.org,2,0.01
www.luxtimes.lu,2,0.01
www.insidenova.com,2,0.01
www.canoncitydailyrecord.com,2,0.01
m.thepeninsulaqatar.com,2,0.01
www.simonandschuster.com,2,0.01
www.radiotimes.com,2,0.01
www.wkyc.com,2,0.01
filmuforia.com,2,0.01
www.archives.gov,2,0.01
gobuckeyes.com,2,0.01
www.bankingdive.com,2,0.01
smalltownplussize.com,2,0.01
www.elevenwarriors.com,2,0.01
andscape.com,2,0.01
www.kcentv.com,2,0.01
resumeworded.com,2,0.01
wenr.wes.org,2,0.01
www.sammlung-goetz.de,2,0.01
efe.com,2,0.01
lastwordonsports.com,2,0.01
fitzrovianews.com,2,0.01
www.theoaklandpress.com,2,0.01
placesjournal.org,2,0.01
www.greeleytribune.com,2,0.01
www.edwardtufte.com,2,0.01
www.dailybreeze.com,2,0.01
wcfcourier.com,2,0.01
profilesofparis.com,2,0.01
www.climatechangenews.com,2,0.01
www.birminghammail.co.uk,2,0.01
danrafael.substack.com,2,0.01
www.licas.news,2,0.01
slavedwellingproject.org,2,0.01
simple.wikipedia.org,2,0.01
www.theknot.com,2,0.01
thehimalayantimes.com,2,0.01
www.mining.com,2,0.01
theprideoflondon.com,2,0.01
www.teamtalk.com,2,0.01
stores.ashleyfurniture.com,2,0.01
www.lux-mag.com,2,0.01
www.ocamagazine.com,2,0.01
www.album-online.com,2,0.01
www.parkchasers.com,2,0.01
aidsmonument.org,2,0.01
www.ineos.com,2,0.01
archive.vanityfair.com,2,0.01
www.spotlightonpodcast.com,2,0.01
www.etonline.com,2,0.01
www.swissinfo.ch,2,0.01
redcircle.com,2,0.01
theshortfuse.sbnation.com,2,0.01
www.wamc.org,2,0.01
koreajoongangdaily.joins.com,2,0.01
www.delawareonline.com,2,0.01
www.thehotelguru.com,2,0.01
www.bifold.com,2,0.01
www.phaidon.com,2,0.01
racingnews365.com,2,0.01
boomcalifornia.org,2,0.01
www.arts.ac.uk,2,0.01
alexgrant.me,2,0.01
www.durangoherald.com,2,0.01
closeronline.co.uk,2,0.01
www.dailycamera.com,2,0.01
www.catalyzex.com,2,0.01
espnsiouxfalls.com,2,0.01
www.bridgedetroit.com,2,0.01
www.dispatch.com,2,0.01
www.odmp.org,2,0.01
www.officeriders.com,2,0.01
www.tulalipnews.com,2,0.01
www.yourobserver.com,2,0.01
machineryassociates.com,2,0.01
www.stripes.com,2,0.01
rolltide.com,2,0.01
www.dayton.com,2,0.01
reason.com,2,0.01
politicalresearch.org,2,0.01
pabucketlist.com,2,0.01
www.cantonrep.com,2,0.01
hauntedpalaceblog.com,2,0.01
www.pacegallery.com,2,0.01
sputnikglobe.com,2,0.01
www.cjonline.com,2,0.01
www.lockeliving.com,2,0.01
oldwatford.com,2,0.01
signalscv.com,2,0.01
reddmonitor.substack.com,2,0.01
www.ctpublic.org,2,0.01
www.dialoguejournal.com,2,0.01
cmsny.org,2,0.01
www.culturetype.com,2,0.01
revealnews.org,2,0.01
www.climatesignals.org,2,0.01
www.nspsurfboards.com,2,0.01
www.theglobeandmail.com,2,0.01
petalumahistorian.com,2,0.01
coyotegulch.blog,2,0.01
www.space.com,2,0.01
www.coachforlifechange.com,2,0.01
www.kaieteurnewsonline.com,2,0.01
www.tsn.ca,2,0.01
filmfreedonia.com,2,0.01
www.publiclibrariesnews.com,2,0.01
www.thegate.ca,2,0.01
readingroo.ms,2,0.01
www.iusm.co.kr,2,0.01
www.wctrib.com,2,0.01
nortoncenter.com,2,0.01
www.mcalesternews.com,2,0.01
guyaneseonline.wordpress.com,2,0.01
www.wqxr.org,2,0.01
www.foodgal.com,2,0.01
www.phillymag.com,2,0.01
kyleorton.co.uk,2,0.01
www.lonelyplanet.com,2,0.01
www.ibtimes.co.in,2,0.01
www.sunshineseeker.com,2,0.01
www.washingtoninformer.com,2,0.01
www.carscoops.com,2,0.01
www.commanders.com,2,0.01
www.goworldtravel.com,2,0.01
www.celtictrailswalkingholidays.co.uk,2,0.01
www.mei.edu,2,0.01
opportunityagenda.org,2,0.01
www.profootballrumors.com,2,0.01
www.vaildaily.com,2,0.01
www.vrbo.com,2,0.01
www.michaelhoppengallery.com,2,0.01
www.live5news.com,2,0.01
www.prri.org,2,0.01
www.fxcintel.com,2,0.01
www.essexlive.news,2,0.01
www.harpersbazaar.com,2,0.01
www.rottentomatoes.com,2,0.01
thesundevils.com,2,0.01
www.houseofsparky.com,2,0.01
www.hawaiipublicradio.org,2,0.01
www.philanthropyroundtable.org,2,0.01
www.theepochtimes.com,2,0.01
theglobalobservatory.org,2,0.01
www.grandforksherald.com,2,0.01
www.building.co.uk,2,0.01
www.oxfam.org,2,0.01
stephen-younts.pixels.com,2,0.01
shrinebowl.com,2,0.01
www.arab-reform.net,2,0.01
www.baltimoresun.com,2,0.01
www.capitalgazette.com,2,0.01
www.rt.com,2,0.01
www.ydr.com,2,0.01
www.pennlive.com,2,0.01
freshfiction.tv,2,0.01
www.dailykos.com,2,0.01
washingtoncitypaper.com,2,0.01
www.campaignlive.co.uk,2,0.01
razorbackers.com,2,0.01
www.recordnet.com,2,0.01
sg.yahoo.com,2,0.01
mondoweiss.net,2,0.01
www.tvinsider.com,2,0.01
bookhaven.stanford.edu,2,0.01
maryrose.org,2,0.01
www.baltimoremagazine.com,2,0.01
www.ideastream.org,2,0.01
abc7.com,2,0.01
www.audubon.org,2,0.01
www.illiberalism.org,2,0.01
www.watchesofespionage.com,2,0.01
www.staugustine.com,2,0.01
dsmpublicartfoundation.org,2,0.01
www.iowapublicradio.org,2,0.01
www.thetedkarchive.com,2,0.01
maf-uk.org,2,0.01
richmond.com,2,0.01
www.directrelief.org,2,0.01
www.engadget.com,2,0.01
home.coworker.org,1,0.01
keepingitheel.com,1,0.01
www.racingcircuits.info,1,0.01
marlborough.news,1,0.01
www.catholicireland.net,1,0.01
www.planetrugby.com,1,0.01
theanarchistlibrary.org,1,0.01
about-britain.com,1,0.01
lasvegassun.com,1,0.01
www.yourgv.com,1,0.01
motherandsriaurobindo.in,1,0.01
ruth-hopkins.com,1,0.01
www.jewishvoicesnj.org,1,0.01
newsletters.lockedonpodcasts.com,1,0.01
www.afi.com,1,0.01
www.deseret.com,1,0.01
accesswdun.com,1,0.01
ivy.fm,1,0.01
notintown.net,1,0.01
www.theopennotebook.com,1,0.01
www.13wmaz.com,1,0.01
atlantablackstar.com,1,0.01
www.littledayout.com,1,0.01
piccoloexplorer.com,1,0.01
www.metrowestdailynews.com,1,0.01
www.veranda.com,1,0.01
twentiescollective.wordpress.com,1,0.01
anothereyeopens.com,1,0.01
www.thegolfinggazette.com,1,0.01
aeshahadlina.wordpress.com,1,0.01
majorspoilers.com,1,0.01
news.wilkes.edu,1,0.01
www.witf.org,1,0.01
law.ucla.edu,1,0.01
www.pbo.co.uk,1,0.01
riversofhopeministries.com,1,0.01
asiatimes.com,1,0.01
ue1-nodereport.bleacherreport.com,1,0.01
www.zoomerradio.ca,1,0.01
samiraahmed.blog,1,0.01
www.rfkracing.com,1,0.01
today.tamu.edu,1,0.01
www.visitwales.com,1,0.01
chicagoyimby.com,1,0.01
www.naturaldiamonds.com,1,0.01
12thman.com,1,0.01
sites.utexas.edu,1,0.01
muslimheritage.com,1,0.01
www.penguin.co.uk,1,0.01
www.amazon.sg,1,0.01
tulsaworld.com,1,0.01
www.medindia.net,1,0.01
www.penguin.com.au,1,0.01
www.wltx.com,1,0.01
www.journal-news.net,1,0.01
puckprose.com,1,0.01
newscorp.com,1,0.01
www.hollywoodheroes.com,1,0.01
www.heraldandnews.com,1,0.01
thenerdybird.com,1,0.01
www.sierrasun.com,1,0.01
www.wikiart.org,1,0.01
www.naval-technology.com,1,0.01
artlead.net,1,0.01
fieldlevelmedia.com,1,0.01
denvergazette.com,1,0.01
www.college-sports-journal.com,1,0.01
southsideshowdown.com,1,0.01
www.nqatpod.com,1,0.01
www.juneauempire.com,1,0.01
www.casualoptimist.com,1,0.01
www.3wiresports.com,1,0.01
hoopshabit.com,1,0.01
pantagraph.com,1,0.01
www.buzz.ie,1,0.01
www.floretflowers.com,1,0.01
mynbc15.com,1,0.01
tvtropes.org,1,0.01
www.inforum.com,1,0.01
www.flayrah.com,1,0.01
helenair.com,1,0.01
seb4stien.substack.com,1,0.01
thegoodnewsroom.org,1,0.01
law.emory.edu,1,0.01
asipofsports.wordpress.com,1,0.01
www.romewise.com,1,0.01
dcgary.org,1,0.01
global.chinadaily.com.cn,1,0.01
www.postguam.com,1,0.01
idahonews.com,1,0.01
uihj.com,1,0.01
lucire.com,1,0.01
pastexhibitions.guggenheim.org,1,0.01
bluecollarblueshirts.com,1,0.01
www.nursingtimes.net,1,0.01
vridar.org,1,0.01
news.cnrs.fr,1,0.01
www.montgomeryadvertiser.com,1,0.01
www.artchive.com,1,0.01
theworldlink.com,1,0.01
campaignlegal.org,1,0.01
www.audible.com,1,0.01
www.americanyawp.com,1,0.01
www.blueridgenow.com,1,0.01
caribbean.loopnews.com,1,0.01
appstatesports.com,1,0.01
www.jba.af.mil,1,0.01
weather.com,1,0.01
www.penguinrandomhouse.com,1,0.01
www.liverpoolecho.co.uk,1,0.01
premierecollectibles.com,1,0.01
bobbyrossjr.com,1,0.01
www.sfbayareaconcerts.com,1,0.01
cruxnow.com,1,0.01
literarytreats.com,1,0.01
ahmadalikarim.wordpress.com,1,0.01
www.broadwayworld.com,1,0.01
footballshirtcollective.com,1,0.01
www.aviationtoday.com,1,0.01
www.americasquarterly.org,1,0.01
ktvz.com,1,0.01
davidburr.co.uk,1,0.01
wealthwave.com,1,0.01
magazine.medlineplus.gov,1,0.01
www.wework.com,1,0.01
projects.thestar.com,1,0.01
www.tasnimnews.com,1,0.01
www.detroitlions.com,1,0.01
malala.org,1,0.01
president.ie,1,0.01
www.12news.com,1,0.01
www.krem.com,1,0.01
cdapress.com,1,0.01
worldview.stratfor.com,1,0.01
ru.pinterest.com,1,0.01
fullofdance.com,1,0.01
www.thezoereport.com,1,0.01
www.my-watchsite.com,1,0.01
www.montereyherald.com,1,0.01
www.innovationnewsnetwork.com,1,0.01
www.wmagazine.com,1,0.01
www.sbnation.com,1,0.01
autos.yahoo.com,1,0.01
www.robmcgibbon.com,1,0.01
www.cladglobal.com,1,0.01
sciences.ncsu.edu,1,0.01
depauliaonline.com,1,0.01
www.ypl.org,1,0.01
bleedingcool.com,1,0.01
liamgillick.info,1,0.01
www.theirishstory.com,1,0.01
www.coastalrivers.org,1,0.01
www.nationaljeweler.com,1,0.01
lusakavoice.com,1,0.01
www.declassifieduk.org,1,0.01
www.capitalfm.co.ke,1,0.01
www.businessinsider.in,1,0.01
aegeurope.com,1,0.01
www.metmuseum.org,1,0.01
strictlycomedancing.fandom.com,1,0.01
stillcurtain.com,1,0.01
www.timesonline.com,1,0.01
wfpp.columbia.edu,1,0.01
www.comicsreporter.com,1,0.01
www.wtok.com,1,0.01
onefootball.com,1,0.01
www.troyrecord.com,1,0.01
www.dailyrecord.com,1,0.01
news.yahoo.com,1,0.01
www.sharetheoutdoors.com,1,0.01
www.filmmagic.com,1,0.01
archive.timesrecordnews.com,1,0.01
www.retrofootballgang.com,1,0.01
www.flickr.com,1,0.01
publicintegrity.org,1,0.01
blackeconomicalliance.org,1,0.01
journalism.missouri.edu,1,0.01
copyblogger.com,1,0.01
www.jaguars.com,1,0.01
www.sierraclub.org,1,0.01
nacla.org,1,0.01
mmajunkie.usatoday.com,1,0.01
www.oikoumene.org,1,0.01
sport360.com,1,0.01
news.wfsu.org,1,0.01
www.wruf.com,1,0.01
starherald.com,1,0.01
www.ocala.com,1,0.01
www.drapersonline.com,1,0.01
www.the-daily-record.com,1,0.01
www.firmastella.com,1,0.01
www.rorymcilroy.com,1,0.01
www.boisestatepublicradio.org,1,0.01
www.carrollhs.org,1,0.01
consumer.org.my,1,0.01
gapersblock.com,1,0.01
cerncourier.com,1,0.01
ig.ft.com,1,0.01
www.thehoosiernetwork.com,1,0.01
wnbf.com,1,0.01
onscreenfashiondotcom.wordpress.com,1,0.01
www.chinadailyhk.com,1,0.01
inss.ndu.edu,1,0.01
sowherenext.co,1,0.01
www.ultimaterugby.com,1,0.01
www.nationalww2museum.org,1,0.01
www.risklive.net,1,0.01
www.newscientist.com,1,0.01
theeagle.com,1,0.01
www.wvtf.org,1,0.01
www.rrstar.com,1,0.01
newsadvance.com,1,0.01
irr.org.uk,1,0.01
kfoxtv.com,1,0.01
acebourke.wordpress.com,1,0.01
historicimages.com,1,0.01
statescoop.com,1,0.01
tasteofcountry.com,1,0.01
www.starwarsnewsnet.com,1,0.01
washingtonspirit.com,1,0.01
www.cornwalllive.com,1,0.01
sportsnaut.com,1,0.01
www.cardboardconnection.com,1,0.01
asiapacificdefencereporter.com,1,0.01
sarahsbackstagepass.com,1,0.01
dadblog.co.uk,1,0.01
today.duke.edu,1,0.01
news.illinois.edu,1,0.01
www.premierboxingchampions.com,1,0.01
abc11.com,1,0.01
filmmakermagazine.com,1,0.01
www.periodpaper.com,1,0.01
mdsp.maryland.gov,1,0.01
m.gutenberg.org,1,0.01
www.greenbaypressgazette.com,1,0.01
alicerosebell.wordpress.com,1,0.01
www.vibe.com,1,0.01
www.gibbonsfuneralhome.com,1,0.01
schedules.ire.org,1,0.01
www.thenewfederalist.eu,1,0.01
knowledge.wharton.upenn.edu,1,0.01
mydailyartdisplay.uk,1,0.01
www.the-saleroom.com,1,0.01
insidethevatican.com,1,0.01
www.barcablaugranes.com,1,0.01
sportswire.usatoday.com,1,0.01
penfriend.rocks,1,0.01
gppi.net,1,0.01
milehighmaniac.com,1,0.01
k945.com,1,0.01
musketfire.com,1,0.01
rts.org.uk,1,0.01
themississippilink.com,1,0.01
perspectives.ushmm.org,1,0.01
www.foxbusiness.com,1,0.01
www.junotdiaz.com,1,0.01
www.wwno.org,1,0.01
thetalonohs.com,1,0.01
equalizersoccer.com,1,0.01
inparallellines.blog,1,0.01
dakotastudent.com,1,0.01
urbanmilwaukee.com,1,0.01
www.bankrate.com,1,0.01
www.speechanddebate.org,1,0.01
www.law.com,1,0.01
www.stargazette.com,1,0.01
blogs.prio.org,1,0.01
learnantiques.com.au,1,0.01
www.timestelegram.com,1,0.01
www.slideshare.net,1,0.01
filmtalk.org,1,0.01
www.whatsonweibo.com,1,0.01
chinasportsinsider.com,1,0.01
chinamediaproject.org,1,0.01
www.whittierdailynews.com,1,0.01
www.crazyaboutmagazines.com,1,0.01
armenpress.am,1,0.01
www.startmotionmedia.com,1,0.01
www.alligator.org,1,0.01
www.automationinside.com,1,0.01
www.patriots.com,1,0.01
www.iseas.edu.sg,1,0.01
www.forbes.com,1,0.01
www.heraldscotland.com,1,0.01
www.rohde-schwarz.com,1,0.01
rustyquill.com,1,0.01
lutheranworld.org,1,0.01
www.themonthly.com.au,1,0.01
traveltomorrow.com,1,0.01
collections.vam.ac.uk,1,0.01
firstwomen.brightonmuseums.org,1,0.01
www.mankatofreepress.com,1,0.01
chicagomaroon.com,1,0.01
www.sdsm.com,1,0.01
cubbiescrib.com,1,0.01
www.pressenterprise.com,1,0.01
bombmagazine.org,1,0.01
www.duluthnewstribune.com,1,0.01
techcrunch.com,1,0.01
www.villagepreservation.org,1,0.01
www.blackhistory.com,1,0.01
www.caribbeanamericanweekly.com,1,0.01
printsales.thephotographersgallery.org.uk,1,0.01
www.wuft.org,1,0.01
www.caa.com,1,0.01
www.worldliteraturetoday.org,1,0.01
www.elpasotimes.com,1,0.01
smallboatsmonthly.com,1,0.01
www.andersonlibrary.org,1,0.01
qz.com,1,0.01
www.wbez.org,1,0.01
stvbs.org,1,0.01
mrdc.health.mil,1,0.01
www.arabtimesonline.com,1,0.01
www.govtrack.us,1,0.01
columns.wlu.edu,1,0.01
bitterandblue.sbnation.com,1,0.01
diginomica.com,1,0.01
jamiebradburnwriting.wordpress.com,1,0.01
www.buccaneers.com,1,0.01
daveyandkrista.com,1,0.01
artistandfan.com,1,0.01
www.anothermag.com,1,0.01
rockcontent.com,1,0.01
www.glassmagazine.com,1,0.01
www.coldwellbankerhomes.com,1,0.01
www.thechesapeaketoday.com,1,0.01
thesportjournal.org,1,0.01
www.brainerddispatch.com,1,0.01
www.seacoastonline.com,1,0.01
magazine.byu.edu,1,0.01
blogs.fangraphs.com,1,0.01
www.britannica.com,1,0.01
hayters.com,1,0.01
www.newsherald.com,1,0.01
www.wrvo.org,1,0.01
cac.org,1,0.01
projects.archiexpo.com,1,0.01
www.evansville.edu,1,0.01
poisoncityestore.com,1,0.01
www.pocket-lint.com,1,0.01
citylimits.org,1,0.01
www.3cr.org.au,1,0.01
londoncallingblog.net,1,0.01
www.ezrapound.com.au,1,0.01
caroltaaffe.com,1,0.01
qantara.de,1,0.01
www.geopoliticalmonitor.com,1,0.01
www.technologyreview.com,1,0.01
www.citizen-times.com,1,0.01
www.psu.edu,1,0.01
www.bigeastcoastbias.com,1,0.01
mediadiversified.org,1,0.01
australianpridenetwork.com.au,1,0.01
www.milforddailynews.com,1,0.01
www.morningstar.co.uk,1,0.01
stateinnovation.org,1,0.01
judithcurry.com,1,0.01
blogs.bodleian.ox.ac.uk,1,0.01
phd2050.org,1,0.01
www.worldfinance.com,1,0.01
canadianthoroughbred.com,1,0.01
thehollywood360.com,1,0.01
www.redlandsdailyfacts.com,1,0.01
www.givemesport.com,1,0.01
time100.time.com,1,0.01
www.pga.com,1,0.01
seenandheard-international.com,1,0.01
www.augusta.com,1,0.01
gridironfootballusa.com,1,0.01
www.dailybulletin.com,1,0.01
gml.noaa.gov,1,0.01
www.starnewsonline.com,1,0.01
www.esquire.com,1,0.01
www.jsonline.com,1,0.01
www.tennisabstract.com,1,0.01
kids.kiddle.co,1,0.01
www.vavel.com,1,0.01
wlos.com,1,0.01
www.wmar2news.com,1,0.01
www.skiinghistory.org,1,0.01
www.wheelerfamilyfuneralhome.com,1,0.01
www.motorauthority.com,1,0.01
newsroom.porsche.com,1,0.01
www.chiesaditotti.com,1,0.01
giallorossiyorkshire.com,1,0.01
www.seahawks.com,1,0.01
cairoscene.com,1,0.01
adoremus.org,1,0.01
usa.tv5monde.com,1,0.01
www.raiders.com,1,0.01
www.metrosiliconvalley.com,1,0.01
ndupress.ndu.edu,1,0.01
www.bidsquare.com,1,0.01
www.therams.com,1,0.01
iee.psu.edu,1,0.01
graziadaily.co.uk,1,0.01
www.asiafinancial.com,1,0.01
artsreview.com.au,1,0.01
harpers.co.uk,1,0.01
us.politsturm.com,1,0.01
future.fandom.com,1,0.01
thekojonnamdishow.org,1,0.01
www.icons.com,1,0.01
niallmcquaid.wordpress.com,1,0.01
www.ktnv.com,1,0.01
journal.burningman.org,1,0.01
ca.sports.yahoo.com,1,0.01
www.broadcastnow.co.uk,1,0.01
bretmccabe.com,1,0.01
www.rvapc.com,1,0.01
napavalleyregister.com,1,0.01
www.summitdaily.com,1,0.01
ccta.regent.edu,1,0.01
toppodcast.com,1,0.01
www.theage.com.au,1,0.01
joshousing.com,1,0.01
www.xxlmag.com,1,0.01
theneptunes.org,1,0.01
www.pacifictakes.com,1,0.01
uproxx.com,1,0.01
entertainmentsouthwales.wordpress.com,1,0.01
icehockey.fandom.com,1,0.01
blairwitch.fandom.com,1,0.01
www.martinlawrencephotography.com,1,0.01
www.charactour.com,1,0.01
www.thethings.com,1,0.01
www.ausa.org,1,0.01
mse.umd.edu,1,0.01
www.memorymill.co.uk,1,0.01
terp.umd.edu,1,0.01
www.thedickinsonpress.com,1,0.01
goodblacknews.org,1,0.01
nehandaradio.com,1,0.01
allaboutflinsurance.wordpress.com,1,0.01
www.therosegallery.co.uk,1,0.01
www.hmc.edu,1,0.01
www.mcla.edu,1,0.01
www.stepsnyc.com,1,0.01
www.thesun.co.uk,1,0.01
www.nearof.com,1,0.01
screamingforicecream.com,1,0.01
www.lifeinabreakdown.com,1,0.01
mousehouselife.wordpress.com,1,0.01
www.shropshirestar.com,1,0.01
www.balmingilead.org,1,0.01
gprejects.com,1,0.01
www.statepress.com,1,0.01
www.justiceinfo.net,1,0.01
wjla.com,1,0.01
www.yourcelebritymagazines.com,1,0.01
paininthearsenal.com,1,0.01
b105country.com,1,0.01
www.federaltimes.com,1,0.01
qctimes.com,1,0.01
abc13.com,1,0.01
mx.pinterest.com,1,0.01
www.apartamentomagazine.com,1,0.01
greenbaybobfox.wordpress.com,1,0.01
www.securityinfowatch.com,1,0.01
www.techradar.com,1,0.01
novacapsfans.com,1,0.01
alabama.rivals.com,1,0.01
www.cigaraficionado.com,1,0.01
georgewbush-whitehouse.archives.gov,1,0.01
joshmann0201.substack.com,1,0.01
www.institutionalinvestor.com,1,0.01
www.battleshipnewjersey.org,1,0.01
www.times-news.com,1,0.01
whatkatewore.com,1,0.01
www.cityandstateny.com,1,0.01
the-jh-movie-collection-official.fandom.com,1,0.01
www.insidesport.com.au,1,0.01
togsblog.wordpress.com,1,0.01
www.chieftain.com,1,0.01
www.cyclingweekly.com,1,0.01
www.motorsportweek.com,1,0.01
www.rentecdirect.com,1,0.01
news.stanford.edu,1,0.01
fr.pinterest.com,1,0.01
missionpromise.org,1,0.01
www.inpublishing.co.uk,1,0.01
newsroom.unl.edu,1,0.01
cosmicdiary.org,1,0.01
www.statesmanjournal.com,1,0.01
iowastatedaily.com,1,0.01
www.wdbj7.com,1,0.01
www.golfdigest.com,1,0.01
nbadraft.theringer.com,1,0.01
sistercelluloid.com,1,0.01
www.wkyufm.org,1,0.01
www.ox.ac.uk,1,0.01
ibecbarcelona.eu,1,0.01
www.lagrange.edu,1,0.01
money.com,1,0.01
www.airforcetimes.com,1,0.01
www.aecknowledge.com,1,0.01
worldairlinenews.com,1,0.01
kstp.com,1,0.01
apex.aero,1,0.01
lwvpdx.org,1,0.01
creators.spotify.com,1,0.01
mcgregorcoxall.com,1,0.01
www.brandonsun.com,1,0.01
www.mgpl.org,1,0.01
www.lafc.com,1,0.01
thewire.fandom.com,1,0.01
ukdefencejournal.org.uk,1,0.01
fpc.org.uk,1,0.01
liamodell.com,1,0.01
www.rgj.com,1,0.01
nmu.edu,1,0.01
jenmedsbookreviews.com,1,0.01
bg.copernicus.org,1,0.01
www.imperial.ac.uk,1,0.01
www.wickedlocal.com,1,0.01
fpif.org,1,0.01
publicpolicyindonesia.wordpress.com,1,0.01
www.understandinganimalresearch.org.uk,1,0.01
gameofthrones.fandom.com,1,0.01
thequad.blogs.nytimes.com,1,0.01
spruethmagers.com,1,0.01
notesfrompoland.com,1,0.01
www.lagalaxy.com,1,0.01
www.todayonline.com,1,0.01
www.timbers.com,1,0.01
www.turkishminute.com,1,0.01
www.thesunchronicle.com,1,0.01
www.acmcountry.com,1,0.01
www.centralmaine.com,1,0.01
www.nme.com,1,0.01
ddpinitiative.org,1,0.01
diehlwhittaker.frontrunnerpro.com,1,0.01
moviepooper.com,1,0.01
umaine.edu,1,0.01
www.veterans.gc.ca,1,0.01
unlimitedoffroadracing.com,1,0.01
www.wtsp.com,1,0.01
www.newsleader.com,1,0.01
www.mondo-digital.com,1,0.01
www.pff.com,1,0.01
portlandpilots.com,1,0.01
housethathankbuilt.com,1,0.01
www.birminghamtimes.com,1,0.01
tvgeekingout.wordpress.com,1,0.01
www.kent.edu,1,0.01
immigrationimpact.com,1,0.01
worldsoccertalk.com,1,0.01
7500toholte.sbnation.com,1,0.01
radaronline.com,1,0.01
graphicartistsguild.org,1,0.01
thestarphoenix.com,1,0.01
www.institutkurde.org,1,0.01
www.netflix.com,1,0.01
www.family.style,1,0.01
www.galesburg.com,1,0.01
www.nashvillescene.com,1,0.01
news.pollstar.com,1,0.01
relix.com,1,0.01
americansongwriter.com,1,0.01
www.kgw.com,1,0.01
www.krps.org,1,0.01
www.phillyvoice.com,1,0.01
www.digitaltrends.com,1,0.01
wreg.com,1,0.01
cyberinsider.com,1,0.01
headsetadvisor.com,1,0.01
www.wanderingappalachia.org,1,0.01
umc.edu,1,0.01
www.fdli.org,1,0.01
fire.lacounty.gov,1,0.01
ipi.media,1,0.01
www.hellomagazine.com,1,0.01
wswanderersfc.com.au,1,0.01
www.channel4.com,1,0.01
www.altmeyerfuneralandcremation.com,1,0.01
h-e-a-r-t.org,1,0.01
www.journal18.org,1,0.01
arquiste.com,1,0.01
workingclasshistory.com,1,0.01
hakaimagazine.com,1,0.01
www.eventbrite.com,1,0.01
www.wbtv.com,1,0.01
www.mississippifreepress.org,1,0.01
medyanews.net,1,0.01
theboot.com,1,0.01
www.grandviewresearch.com,1,0.01
weisradio.com,1,0.01
www.audi-mediacenter.com,1,0.01
rockabilia.com,1,0.01
www.eurekalert.org,1,0.01
www.aura-astronomy.org,1,0.01
esahubble.org,1,0.01
www.laconiadailysun.com,1,0.01
www.facsimiles.com,1,0.01
county17.com,1,0.01
www.commercialsearch.com,1,0.01
www.deadlinenews.co.uk,1,0.01
rabble.ca,1,0.01
www.debbiekruger.com,1,0.01
www.jibble.io,1,0.01
www.record-eagle.com,1,0.01
www.recorderonline.com,1,0.01
today.uconn.edu,1,0.01
www.hbo.com,1,0.01
www.sctimes.com,1,0.01
forum.newsblur.com,1,0.01
nationalworld.newsprints.co.uk,1,0.01
southernhomemagazine.com,1,0.01
woodbine.com,1,0.01
visitulstercountyny.com,1,0.01
www.themarshallproject.org,1,0.01
www.chrisbeetles.com,1,0.01
www.catholicworldreport.com,1,0.01
villaludovisi.org,1,0.01
health.clevelandclinic.org,1,0.01
www.journalism.co.uk,1,0.01
thenextweb.com,1,0.01
goodmorninggloucester.com,1,0.01
countercurrents.org,1,0.01
www.modernbricabrac.com,1,0.01
www.polygon.com,1,0.01
www.eeas.europa.eu,1,0.01
www.timeout.com,1,0.01
www.houst.com,1,0.01
etias.com,1,0.01
www.ien.com,1,0.01
www.govexec.com,1,0.01
bbqboy.net,1,0.01
www.capenews.net,1,0.01
www.theminimalists.com,1,0.01
www.ispytunes.com,1,0.01
ideas.time.com,1,0.01
www.howardcountymd.gov,1,0.01
theunmanlychef.com,1,0.01
mynews13.com,1,0.01
www.inverse.com,1,0.01
nap.nationalacademies.org,1,0.01
www.lorjorexplore.com,1,0.01
tahoequarterly.com,1,0.01
origins.osu.edu,1,0.01
india.blogs.nytimes.com,1,0.01
www.lakecountyohio.gov,1,0.01
www.cryptoarena.com,1,0.01
www.rosalux.de,1,0.01
www.burlingtonfreepress.com,1,0.01
www.spain.info,1,0.01
www.njeda.gov,1,0.01
www.marcumllp.com,1,0.01
richard-young-gallery.myshopify.com,1,0.01
www.milesdavis.com,1,0.01
criticallegalthinking.com,1,0.01
smartgrowthamerica.org,1,0.01
essd.copernicus.org,1,0.01
www.1011now.com,1,0.01
nelson-atkins.org,1,0.01
www.kuow.org,1,0.01
greenwald.substack.com,1,0.01
www.wlrn.org,1,0.01
www.twz.com,1,0.01
www.lockheedmartin.com,1,0.01
msgdish.com,1,0.01
globalsouthcolloquy.com,1,0.01
www.statenews.org,1,0.01
www.ntra.com,1,0.01
www.broradio.fm,1,0.01
amp.theguardian.com,1,0.01
historicalnovelsociety.org,1,0.01
www.boston.com,1,0.01
gtspirit.com,1,0.01
addisarmycricket.co.uk,1,0.01
hls.harvard.edu,1,0.01
www.europeanbestdestinations.com,1,0.01
plantriplondon.com,1,0.01
jbrcapital.com,1,0.01
www.ebay.com,1,0.01
www.hodinkee.com,1,0.01
www.businesstoday.in,1,0.01
www.techspot.com,1,0.01
www.safia.hq.af.mil,1,0.01
www.flyajetfighter.com,1,0.01
www.shaw.af.mil,1,0.01
www.nhpr.org,1,0.01
erau.edu,1,0.01
www.sxsw.com,1,0.01
www.worldsoccer.com,1,0.01
www.mnnonline.org,1,0.01
chinachange.org,1,0.01
www.aciafrica.org,1,0.01
blog.nationalarchives.gov.uk,1,0.01
www.iwm.org.uk,1,0.01
www.adweek.com,1,0.01
www.marketing-interactive.com,1,0.01
www.barracks.marines.mil,1,0.01
www.broadridge.com,1,0.01
www.hibob.com,1,0.01
www.175wg.ang.af.mil,1,0.01
www.studiointernational.com,1,0.01
fromasecretlocation.com,1,0.01
tacit-knowledge-architecture.com,1,0.01
www.cambridgeindependent.co.uk,1,0.01
www.automation.com,1,0.01
bookgrocer.com,1,0.01
www.jaguar.in,1,0.01
www.bildhalle.ch,1,0.01
english.aawsat.com,1,0.01
noirlab.edu,1,0.01
www.marines.mil,1,0.01
www.2ndmardiv.marines.mil,1,0.01
graveyardsofscotland.com,1,0.01
solarsystem.nasa.gov,1,0.01
blogs.nasa.gov,1,0.01
www.fox5dc.com,1,0.01
thelongnwindingroad.wordpress.com,1,0.01
www.paulfrasercollectibles.com,1,0.01
thegintomytonic.com,1,0.01
www.conceptcarz.com,1,0.01
tosavetheworld.ca,1,0.01
ruthpearce.net,1,0.01
www.shelbystar.com,1,0.01
californiawaterblog.com,1,0.01
www.iaumc.org,1,0.01
radio.kttz.org,1,0.01
centralasiaprogram.org,1,0.01
inews.co.uk,1,0.01
photography-now.com,1,0.01
www.nknews.org,1,0.01
america.aljazeera.com,1,0.01
chan.usc.edu,1,0.01
news.scranton.edu,1,0.01
alabamaledger.com,1,0.01
2012-2017.usaid.gov,1,0.01
www.brentstirton.com,1,0.01
nycdancestuff.wordpress.com,1,0.01
blogs.baylor.edu,1,0.01
afas.wustl.edu,1,0.01
godeacs.com,1,0.01
rubbingtherock.com,1,0.01
www.motherjones.com,1,0.01
www.house.texas.gov,1,0.01
dothaneagle.com,1,0.01
savidgereads.wordpress.com,1,0.01
www.realclimate.org,1,0.01
www.japanfortwo.travel,1,0.01
southphillyreview.com,1,0.01
arts.psu.edu,1,0.01
willhaywardwales.substack.com,1,0.01
news.uoregon.edu,1,0.01
dancewithmeusa.com,1,0.01
showbams.com,1,0.01
legendsofthemultiuniverse.fandom.com,1,0.01
www.newcanaanlibrary.org,1,0.01
3-steve-rich.pixels.com,1,0.01
thehockeywriters.com,1,0.01
www.scotland.org,1,0.01
divinity.ed.ac.uk,1,0.01
shop.lonelyplanet.com,1,0.01
www.theweek.in,1,0.01
deskrib.com,1,0.01
bjiujitsu.com,1,0.01
www.metrowaterrecovery.com,1,0.01
packgoats.wordpress.com,1,0.01
savannahfirsttimer.com,1,0.01
www.kokomotribune.com,1,0.01
robertamsterdam.com,1,0.01
jboats.com,1,0.01
airport-world.com,1,0.01
godanriver.com,1,0.01
starexponent.com,1,0.01
www.wpr.org,1,0.01
www.washingtoninstitute.org,1,0.01
madeinshoreditch.co.uk,1,0.01
www.thefashionisto.com,1,0.01
apptrailal.wordpress.com,1,0.01
bringatrailer.com,1,0.01
www.gatewayclassiccars.com,1,0.01
www.erininthemorning.com,1,0.01
strangematters.coop,1,0.01
www.themarketforideas.com,1,0.01
moroccotravelblog.wordpress.com,1,0.01
www.naharnet.com,1,0.01
katv.com,1,0.01
nauticalfree.free.fr,1,0.01
carltonautstraveltips.com,1,0.01
www.fxva.com,1,0.01
www.northweststar.com.au,1,0.01
washington.org,1,0.01
www.ffxnow.com,1,0.01
cnewsliveenglish.com,1,0.01
iiseagrant.org,1,0.01
www.bruegel.org,1,0.01
www.qlik.com,1,0.01
worldwidelogisticsltd.com,1,0.01
www.dunhuang.ds.lib.uw.edu,1,0.01
goingplacesfarandnear.com,1,0.01
m.koreaherald.com,1,0.01
in.pinterest.com,1,0.01
rtfitchauthor.com,1,0.01
www.travelworldmagazine.com,1,0.01
www.insightturkey.com,1,0.01
www.wallpaper.com,1,0.01
www.mylondon.news,1,0.01
architectureas.wordpress.com,1,0.01
kidtripster.com,1,0.01
www.wsfa.com,1,0.01
english.mathrubhumi.com,1,0.01
www.essexrecordofficeblog.co.uk,1,0.01
fssp-holycross.org,1,0.01
unbiasthenews.org,1,0.01
rankingroyals.com,1,0.01
www.umnews.org,1,0.01
www.wardsauto.com,1,0.01
activisthistory.com,1,0.01
www.tibetanreview.net,1,0.01
libcom.org,1,0.01
stephenjones.blog,1,0.01
www.poynter.org,1,0.01
www.mainepublic.org,1,0.01
www.propertycasualty360.com,1,0.01
northeastscreen.org,1,0.01
www.tovima.com,1,0.01
buckeyehuddle.com,1,0.01
www.govtech.com,1,0.01
irishhistoryfiles.wordpress.com,1,0.01
barandcocoa.com,1,0.01
www.newscaststudio.com,1,0.01
belonging.berkeley.edu,1,0.01
www.bu.edu,1,0.01
www.onefc.com,1,0.01
www.kombuchakamp.com,1,0.01
3dprintingindustry.com,1,0.01
www.callutheran.edu,1,0.01
canada.constructconnect.com,1,0.01
toronto.citynews.ca,1,0.01
www.ecoatm.com,1,0.01
www.wsws.org,1,0.01
supernova.eso.org,1,0.01
acultureapiece.com,1,0.01
suffragio.org,1,0.01
communistusa.org,1,0.01
history.howstuffworks.com,1,0.01
pompeiiinpictures.com,1,0.01
www.italymagazine.com,1,0.01
www.sofitel-philadelphia.com,1,0.01
news.mongabay.com,1,0.01
www.vermontpublic.org,1,0.01
grahamcluley.com,1,0.01
www.poughkeepsiejournal.com,1,0.01
www.versobooks.com,1,0.01
www.thebanker.com,1,0.01
tastecooking.com,1,0.01
klofmag.com,1,0.01
archive.sltrib.com,1,0.01
www.kuer.org,1,0.01
www.lancs.live,1,0.01
seattleglobalist.com,1,0.01
www.aclu.org,1,0.01
utsports.com,1,0.01
notevenpast.org,1,0.01
empirewritesback.com,1,0.01
www.poconorecord.com,1,0.01
www.goupstate.com,1,0.01
quartr.com,1,0.01
engr.ncsu.edu,1,0.01
nptelegraph.com,1,0.01
fox5sandiego.com,1,0.01
www.presstelegram.com,1,0.01
cavsnation.com,1,0.01
www.thereporteronline.com,1,0.01
www.nationalsarmrace.com,1,0.01
www.ey.com,1,0.01
www.cbs8.com,1,0.01
www.tvmaze.com,1,0.01
www.hauserwirth.com,1,0.01
www.filmihulluleffakauppa.com,1,0.01
www.screenhub.com.au,1,0.01
www.cinemablend.com,1,0.01
www.ianfraser.org,1,0.01
venturebeat.com,1,0.01
www.fonearena.com,1,0.01
news.samsung.com,1,0.01
goprincetontigers.com,1,0.01
www.minnpost.com,1,0.01
news.northeastern.edu,1,0.01
www.kunr.org,1,0.01
thenevadaindependent.com,1,0.01
www.macrumors.com,1,0.01
blackhawkup.com,1,0.01
nashvilleguru.com,1,0.01
cpostrategy.media,1,0.01
themastermindsite.com,1,0.01
volswire.usatoday.com,1,0.01
lacuna.org.uk,1,0.01
becomeanutritionist.org,1,0.01
www.offshore-technology.com,1,0.01
www.naturepl.com,1,0.01
apimagesblog.wordpress.com,1,0.01
www.hksinc.com,1,0.01
lajazzscene.buzz,1,0.01
gh.bmj.com,1,0.01
aranca.com,1,0.01
www.mdedge9-ma1.mdedge.com,1,0.01
www.americashealthrankings.org,1,0.01
truenorthgranola.com,1,0.01
www.mlbtraderumors.com,1,0.01
www.supplychainbrain.com,1,0.01
msf-crash.org,1,0.01
international.la-croix.com,1,0.01
www.governing.com,1,0.01
www.theengineer.co.uk,1,0.01
www.railway-technology.com,1,0.01
www.exquisitecoasts.com,1,0.01
www.moneycontrol.com,1,0.01
emmafcownie.com,1,0.01
www.globalcitizen.org,1,0.01
www.history.uscg.mil,1,0.01
policinginsight.com,1,0.01
www.daimlertruck.com,1,0.01
www.gmanetwork.com,1,0.01
www.blaineharrington.com,1,0.01
www.medicinemandenver.com,1,0.01
www.accord.org.za,1,0.01
enoughproject.org,1,0.01
www.bangkokpost.com,1,0.01
www.wired-gov.net,1,0.01
vanyaonstage.com,1,0.01
www.internationalaccountingbulletin.com,1,0.01
voila-chocolat.com,1,0.01
www.uaf.edu,1,0.01
acppubs.com,1,0.01
energybulletin.org,1,0.01
mapacademy.io,1,0.01
www.globalrailwayreview.com,1,0.01
railway-news.com,1,0.01
www.seqwater.com.au,1,0.01
publishing.cdlib.org,1,0.01
phrase.com,1,0.01
fcpdnews.wordpress.com,1,0.01
www.biospace.com,1,0.01
www.thewire.co.uk,1,0.01
stopthecap.com,1,0.01
www.jordanspiethgolf.com,1,0.01
www.whitecapsfc.com,1,0.01
www.rosslandnews.com,1,0.01
www.eurobike.at,1,0.01
www.rbth.com,1,0.01
eatweekguide.com,1,0.01
www.sprintzeal.com,1,0.01
www.fortunebusinessinsights.com,1,0.01
www.oneidadispatch.com,1,0.01
www.ohio.edu,1,0.01
frontstretch.com,1,0.01
nwcraiders.com,1,0.01
gobroncs.com,1,0.01
www.cctv.com,1,0.01
coloradocommunitymedia.com,1,0.01
www.denver.org,1,0.01
www.hockerty.com,1,0.01
jamesbond.fandom.com,1,0.01
www.artshomebase.com,1,0.01
flight-report.com,1,0.01
www.usopen.com,1,0.01
www.weku.org,1,0.01
ineapple.com,1,0.01
www.stiftung-berliner-mauer.de,1,0.01
fortunoff.library.yale.edu,1,0.01
www.theholocaustexplained.org,1,0.01
inthesetimes.com,1,0.01
mecco.colorado.edu,1,0.01
ktla.com,1,0.01
www.wliw.org,1,0.01
www.harlemworldmagazine.com,1,0.01
www.edbookfest.co.uk,1,0.01
nbhap.com,1,0.01
sightmagazine.com.au,1,0.01
azh.kz,1,0.01
www.thinkglobalhealth.org,1,0.01
www.stunninglyss.com,1,0.01
www.hearthsidemeadow.com,1,0.01
maineboats.com,1,0.01
www.lego.com,1,0.01
newsroom.lmu.edu,1,0.01
www.drought.gov,1,0.01
dragonflyintelligence.com,1,0.01
shop.lionsgate.com,1,0.01
soaps.sheknows.com,1,0.01
www.cosmopolitan.com,1,0.01
www.dvidshub.net,1,0.01
www.trucknews.com,1,0.01
faroutmagazine.co.uk,1,0.01
www.sciencenews.org,1,0.01
edition.mv,1,0.01
www.besoccer.com,1,0.01
www.unr.edu,1,0.01
www.wpri.com,1,0.01
jamaica-gleaner.com,1,0.01
pausemag.co.uk,1,0.01
www.slavikmanagement.com,1,0.01
nen.press,1,0.01
www.zawya.com,1,0.01
www.bergstromauto.com,1,0.01
unhabitat.org,1,0.01
www.clarksvilletn.gov,1,0.01
yaleclimateconnections.org,1,0.01
worldheritageoutlook.iucn.org,1,0.01
www.unesco.org,1,0.01
www.myguideslovakia.com,1,0.01
mediaroom.kbb.com,1,0.01
www.supercars.net,1,0.01
www.uncut.co.uk,1,0.01
mhs.mt.gov,1,0.01
www.prio.org,1,0.01
thebusinessyear.com,1,0.01
english.aaj.tv,1,0.01
driving.ca,1,0.01
www.kwqc.com,1,0.01
www.epicenglandtravel.com,1,0.01
www.english-heritage.org.uk,1,0.01
visitbirmingham.com,1,0.01
edmontonjournal.com,1,0.01
blog.ticketmaster.com,1,0.01
www.motorsportimages.com,1,0.01
www.theconstitutional.com,1,0.01
africa-newsroom.com,1,0.01
www.freshwatercleveland.com,1,0.01
www.marieclaire.co.uk,1,0.01
www.calameo.com,1,0.01
www.garmentory.com,1,0.01
saveourbank.coop,1,0.01
www.bowlofchalk.net,1,0.01
abcnews4.com,1,0.01
www.earthisland.org,1,0.01
applyzones.com,1,0.01
www.pragmaticmom.com,1,0.01
www.fitnyc.edu,1,0.01
www.simbavati.com,1,0.01
wbsm.com,1,0.01
river967.com,1,0.01
live959.com,1,0.01
jamaica.loopnews.com,1,0.01
londontravelplanning.com,1,0.01
punchmagazine.com,1,0.01
www.dcrainmaker.com,1,0.01
www.bissellpetfoundation.org,1,0.01
popcrush.com,1,0.01
www.ksat.com,1,0.01
www.y12.doe.gov,1,0.01
www.fastbull.com,1,0.01
www.southburylibrary.org,1,0.01
www.cidrap.umn.edu,1,0.01
www.statnews.com,1,0.01
www.anera.org,1,0.01
www.dandc.eu,1,0.01
www.worldwidewounds.com,1,0.01
archive.aramcoworld.com,1,0.01
cen.acs.org,1,0.01
www.federalbaseball.com,1,0.01
biztimes.com,1,0.01
passportapproved.com,1,0.01
br.pinterest.com,1,0.01
westhampsteadlife.com,1,0.01
english.cctv.com,1,0.01
www.paralympic.org,1,0.01
swimswam.com,1,0.01
mainichi.jp,1,0.01
www.passion4fm.com,1,0.01
golf.com,1,0.01
archive.independentmail.com,1,0.01
donahuefuneral.com,1,0.01
www.barbican.org.uk,1,0.01
medicine.buffalo.edu,1,0.01
keanradio.com,1,0.01
www.cozen.com,1,0.01
www.empireonline.com,1,0.01
dailyartfair.com,1,0.01
06880danwoog.com,1,0.01
prospect.org,1,0.01
archive.knoxnews.com,1,0.01
www.orfonline.org,1,0.01
www.mmc.gov,1,0.01
ahf.nuclearmuseum.org,1,0.01
will.illinois.edu,1,0.01
parispropertygroup.com,1,0.01
dorkingmuseum.org.uk,1,0.01
emueagles.com,1,0.01
www.ucf.edu,1,0.01
news.ua.edu,1,0.01
www.valleybreeze.com,1,0.01
www.sustainableviews.com,1,0.01
slashnews.co.uk,1,0.01
tuoitrenews.vn,1,0.01
smallarmsreview.com,1,0.01
blogs.ubc.ca,1,0.01
www.minube.co.uk,1,0.01
www.torquenews.com,1,0.01
www.gmignitionupdate.com,1,0.01
vineyardgazette.com,1,0.01
www.jhuapl.edu,1,0.01
spaceflightnow.com,1,0.01
www.nextgov.com,1,0.01
baytobaynews.com,1,0.01
starcrush.com,1,0.01
www.hurriyetdailynews.com,1,0.01
www.wits.ac.za,1,0.01
www.mercer.com,1,0.01
www.forryanoutloud.com,1,0.01
www.thepitchkc.com,1,0.01
nationaljeweler.com,1,0.01
www.pacaf.af.mil,1,0.01
aerobaticteams.net,1,0.01
www.yacht.de,1,0.01
lobandsmash.com,1,0.01
hrzone.com,1,0.01
mei.edu,1,0.01
www.11alive.com,1,0.01
www.wrkf.org,1,0.01
www.kktv.com,1,0.01
www.vwu.edu,1,0.01
grantland.com,1,0.01
www.showbiz411.com,1,0.01
www.readingeagle.com,1,0.01
stockcake.com,1,0.01
m.yelp.com,1,0.01
www.brightonandhovenews.org,1,0.01
www.pravda.com.ua,1,0.01
grist.org,1,0.01
www.hypercars.us,1,0.01
uvamagazine.org,1,0.01
www.mickeyshannon.com,1,0.01
printler.com,1,0.01
www.bundeskanzler.de,1,0.01
www.en.kremlin.ru,1,0.01
farmpolicynews.illinois.edu,1,0.01
oberlinreview.org,1,0.01
www.vinylmeplease.com,1,0.01
centerbrook.com,1,0.01
robbreport.com,1,0.01
www.ualrpublicradio.org,1,0.01
www.chenabgourmet.com,1,0.01
www.blackwhitereadallover.com,1,0.01
www.cruisedeckplans.com,1,0.01
www.thesaturdaypaper.com.au,1,0.01
www.avfc.co.uk,1,0.01
khelnow.com,1,0.01
www.powermag.com,1,0.01
www.advantasourcing.com,1,0.01
www.fau.edu,1,0.01
www.oudaily.com,1,0.01
www.yadvashem.org,1,0.01
www.kbtx.com,1,0.01
www.cascadepbs.org,1,0.01
arts-sciences.buffalo.edu,1,0.01
research.ehl.edu,1,0.01
www.bppa.net,1,0.01
www.thenationshealth.org,1,0.01
platypus1917.org,1,0.01
www.emirates247.com,1,0.01
stadiumdb.com,1,0.01
www.northfieldfuneral.com,1,0.01
kluwertaxblog.com,1,0.01
circulareconomyalliance.com,1,0.01
profwilliambyrnes.com,1,0.01
taxfoundation.org,1,0.01
linkmybooks.com,1,0.01
swingometer.substack.com,1,0.01
www.gotobermuda.com,1,0.01
cometatomic.com,1,0.01
broadcast.iu.edu,1,0.01
news.virginia.edu,1,0.01
www.suewherewhywhat.com,1,0.01
www.earthtrekkers.com,1,0.01
wupe.com,1,0.01
www.ikonlondonmagazine.com,1,0.01
utmsports.com,1,0.01
www.cruise365.com,1,0.01
undermain.art,1,0.01
www.theology-centre.org.uk,1,0.01
howlinginfinite.com,1,0.01
erticonetwork.com,1,0.01
brooklynslifestyle.com,1,0.01
www.flashfictionnorth.com,1,0.01
www.ncnewsonline.com,1,0.01
www.thehabarinetwork.com,1,0.01
digital.neweratech.com,1,0.01
oneloveafricapermaculture.wordpress.com,1,0.01
www.mfa.gov.cn,1,0.01
spectrumnews1.com,1,0.01
www.cruise-circle.co.uk,1,0.01
billingsgazette.com,1,0.01
dunyanews.tv,1,0.01
www.poam.net,1,0.01
www.michiganpublic.org,1,0.01
www.lansingstatejournal.com,1,0.01
www.gpsjobs.net,1,0.01
www.jacksonsun.com,1,0.01
www.realinstitutoelcano.org,1,0.01
www.longwarjournal.org,1,0.01
www.baltimoreravens.com,1,0.01
touchdownwire.usatoday.com,1,0.01
blog.datawrapper.de,1,0.01
www.buzzfeed.com,1,0.01
www.vietnamescapetours.com,1,0.01
news.un.org,1,0.01
www.jurist.org,1,0.01
scroll.in,1,0.01
www.housingwire.com,1,0.01
www.arch.columbia.edu,1,0.01
www.restonnow.com,1,0.01
www.wfmynews2.com,1,0.01
golfweek.usatoday.com,1,0.01
www.satimagingcorp.com,1,0.01
www.wibw.com,1,0.01
www.yangtze-river-cruises.com,1,0.01
marxistleftreview.org,1,0.01
www.futuretravelexperience.com,1,0.01
www.airnewzealand.com,1,0.01
www.newcivilengineer.com,1,0.01
www.usa.skanska.com,1,0.01
library.iccwbo.org,1,0.01
nj1015.com,1,0.01
holycrossmedicalcenter.org,1,0.01
op.europa.eu,1,0.01
www.mauihands.com,1,0.01
www.elkspringsresort.com,1,0.01
cafe.com,1,0.01
www.everand.com,1,0.01
www.palestinechronicle.com,1,0.01
www.vervecoffee.com,1,0.01
www.globaltimes.cn,1,0.01
japannews.yomiuri.co.jp,1,0.01
www.gsma.com,1,0.01
www.mwcbarcelona.com,1,0.01
www.movingmountains.com,1,0.01
www.vaticannews.va,1,0.01
acquia-d7.ncronline.org,1,0.01
archive.justinjin.com,1,0.01
www.highnorthnews.com,1,0.01
sirennet.tv,1,0.01
www.catholicvoices.org.uk,1,0.01
www.randallbenton.com,1,0.01
www.garyyounge.com,1,0.01
www.votebeat.org,1,0.01
www.512aw.afrc.af.mil,1,0.01
www.thespectrum.com,1,0.01
www.ncaa.com,1,0.01
unfospreys.com,1,0.01
www.hillsproperties.com,1,0.01
www.maroon-nation.com,1,0.01
evergreensmallbusiness.com,1,0.01
www.denofgeek.com,1,0.01
www.gillespies.co.uk,1,0.01
www.jp-uk.com,1,0.01
www.pspl.org,1,0.01
www.cpp.edu,1,0.01
kevin6ca.substack.com,1,0.01
www.nycfc.com,1,0.01
www.self.com,1,0.01
cominghomenewcastle.sbnation.com,1,0.01
chargerbulletin.com,1,0.01
www.flightglobal.com,1,0.01
cyprus-mail.com,1,0.01
www.liverpoolfc.com,1,0.01
www.cmi.no,1,0.01
www.whufc.com,1,0.01
www.chuvision.com,1,0.01
www.aspentimes.com,1,0.01
www.dailygamecock.com,1,0.01
thedialog.org,1,0.01
catholicphilly.com,1,0.01
www.blufftontoday.com,1,0.01
breakingandentering.net,1,0.01
www.bpr.org,1,0.01
www.porini.com,1,0.01
www.electronicpaymentsinternational.com,1,0.01
www.oldtowntequila.com,1,0.01
www.traveldistilled.com,1,0.01
www.southernspirits.com,1,0.01
digital.library.upenn.edu,1,0.01
bestbroadwaymusicals.com,1,0.01
thelede.blogs.nytimes.com,1,0.01
dopeaffood.com,1,0.01
www.yourbasin.com,1,0.01
soundsandshadows.com,1,0.01
americanfounding.org,1,0.01
www.tennisviewmag.com,1,0.01
www.firstpost.com,1,0.01
www.cinemaparadiso.co.uk,1,0.01
www.abebooks.com,1,0.01
www.aiany.org,1,0.01
www.officelovin.com,1,0.01
officesnapshots.com,1,0.01
www.c4isrnet.com,1,0.01
news.wgcu.org,1,0.01
littlevillagemag.com,1,0.01
blog.smu.edu,1,0.01
www.gov.uk,1,0.01
amwaj.media,1,0.01
www.forbesindia.com,1,0.01
news.lenovo.com,1,0.01
stable-learn.com,1,0.01
www.fca.org,1,0.01
therealnews.com,1,0.01
manife.st,1,0.01
news.amomama.com,1,0.01
americanarchive.org,1,0.01
vegas.eater.com,1,0.01
www.fb101.com,1,0.01
journalstar.com,1,0.01
patriciagestoso.com,1,0.01
statenews.com,1,0.01
www.farmanddairy.com,1,0.01
abc30.com,1,0.01
boston.eater.com,1,0.01
axhiopeemyq1.compat.objectstorage.us-phoenix-1.oraclecloud.com,1,0.01
app.thestorygraph.com,1,0.01
